{"x": 212.48942961709943, "y": 216.70498035150615, "z": 92.48322792880414, "delay": 5}