{"x": 381.3953076803185, "y": 317.28222585706794, "z": 100.25390462513377, "delay": 5}