{"x": 659.1298814274619, "y": 489.90816976965607, "z": 76.18937458554319, "delay": 5}